{
  "name": "drift",
  "nSplats": 8,
  "nFrames": 35,
  "fpsHint": 24.0,
  "bboxMin": [
    -0.9894694089889526,
    -0.3996674418449402,
    -0.9121159911155701
  ],
  "bboxMax": [
    0.31819093227386475,
    1.0590006113052368,
    0.8151069283485413
  ],
  "frameFlags": [
    1,
    0,
    0,
    0,
    0,
    0,
    0,
    0,
    0,
    0,
    0,
    0,
    0,
    0,
    0,
    0,
    0,
    0,
    0,
    0,
    0,
    0,
    0,
    0,
    0,
    0,
    0,
    0,
    0,
    0,
    1,
    0,
    0,
    0,
    0
  ],
  "deathFrame": null
}