{
  "name": "death",
  "nSplats": 8,
  "nFrames": 20,
  "fpsHint": 24.0,
  "bboxMin": [
    -0.4713110029697418,
    -0.37022605538368225,
    -0.3620319366455078
  ],
  "bboxMax": [
    9.621883392333984,
    0.17036058008670807,
    0.4809136390686035
  ],
  "frameFlags": [
    1,
    0,
    0,
    0,
    0,
    0,
    0,
    0,
    0,
    0,
    0,
    0,
    0,
    0,
    0,
    0,
    0,
    0,
    0,
    0
  ],
  "deathFrame": [
    65535,
    65535,
    65535,
    2,
    65535,
    65535,
    65535,
    65535
  ]
}